ts,team,game,amount,payout,profit,side,price,size,type,expected_payout_per_$1,success,status,order_id,tx_hashes,token_id
2026-01-12T01:45:10.402116+00:00,Incarnate Word Cardinals,Incarnate Word Cardinals @ Stephen F. Austin Lumberjacks,1.26,6.00,4.74,BUY,0.2100,6.0,FOK,1.1498,True,matched,0x79c2a1174ab7cb03fa169c88b15ac8d2b86a5b208a2cc010c6011dc48cbc206b,['0x8505810fd303e40a1a2feab8bdeaf9c9ef6497e3d036b4bf9c5121ee70c5a8b3'],98056121335488864694179481246017275747811753313273046142801821868361809622912
2026-01-12T11:40:25.531102+00:00,Houston Christian Huskies,Houston Christian Huskies @ Lamar Cardinals,1.04,4.00,2.96,BUY,0.2600,4.0,FOK,1.0248,True,matched,0xe66aede965e822b720ca331b3e31d095cca47486dbb7ad57bb4d97e69437604d,['0x3ac3a2870f2749bd59099dc77d59060e18d77a8663871fe7e512eb770c41574e'],46085162364374922673331746217185562605097186108442064951699812234026096264897
2026-01-12T11:40:48.576624+00:00,New Orleans Privateers,New Orleans Privateers @ SE Louisiana Lions,4.08,8.00,3.92,BUY,0.5100,8.0,FOK,1.0323,True,matched,0x96ff7f323377dea41cfdaf2a1d6e2e9e8eb80d23e987c57b57f2a543aa601be0,['0x8fedd532b56613aebcd7ad1d5572f75da268aca860d8848e5a59bd48aaf73de3'],1999361455813572056668931958350175126508341014574469735632851666095338927046
2026-01-12T11:42:06.390669+00:00,Hurricanes,Carolina Hurricanes @ Detroit Red Wings,1.71,3.00,1.29,BUY,0.5700,3.0,FOK,1.0138,True,matched,0xa8747399286fff667990f22205beaa4e806ea2a9f94a9c346778911bd08bcb8b,['0x3c0d724daf4a3df38f77b2c035a0249b79a1382679ec0d4243b85d0f137d26d2'],81145968781840142124896472866193643062027475188730507289732880728431451458366
2026-01-12T11:43:05.635460+00:00,Kings,Dallas Stars @ Los Angeles Kings,1.41,3.00,1.59,BUY,0.4700,3.0,FOK,1.0173,True,matched,0x88174b8c8772e5c7b7121ca492193a25feb772a19c119a792b6d7879a86aebd2,['0xd24cb3dbee2a585b2c50abf11abce28159730488d3e5939267440cfeabdbf375'],104058572320830668922725325427206518126160957809876411604621763340225381901303
2026-01-12T15:49:18.395742+00:00,Jazz,Utah Jazz @ Cleveland Cavaliers,1.44,9.00,7.56,BUY,0.1600,9.0,FOK,1.0706,True,matched,0x30a90464e496a3a4e946c1cbe066bdef06606114b44e78b9d629009887ec9ee0,['0x7f5a6d61bc389a0262aa8f5a578ad62446ca4082e280860d8bdd01e309c76f10'],58251321027037009434013674484248704200580040970105478950016972925828140570370
2026-01-12T15:49:43.351613+00:00,Kings,Los Angeles Lakers @ Sacramento Kings,1.92,8.00,6.08,BUY,0.2400,8.0,FOK,1.0579,True,matched,0xb3bc596def064c83c1f14ff72e6abdf676dcf963b3f071f493cc335d28f7afed,['0x40fb0b69371b9cb77d984936f937a7b9bfe93eadb47f5d269104fd45dfb94b4e'],81612801338827042387663127519702768796962967157218813690909202393088290743769
2026-01-13T05:00:13.244177+00:00,Providence Friars,Villanova Wildcats @ Providence Friars,2.58,6.00,3.42,BUY,0.4300,6.0,FOK,1.0308,True,matched,0xd636a3b8c5646741f26f7d3a08a91efe81a3d0150ee5082cceff5a7f863e41c3,['0x45e9454ec2014f541016e77c009a2344d5aea5b03410cb32cb27cc800bd9452d'],69128087759999313948140689093115498897428109637646997041818408752201973267487
2026-01-13T05:00:50.912861+00:00,Ball State Cardinals,Ball State Cardinals @ Akron Zips,1.60,32.00,30.40,BUY,0.0500,32.0,FOK,1.2469,True,matched,0x91f529e0afbb582bec6b5451e46153b7ce28bf38ac736715de0873f81a53266c,['0x9d1256c569991685524d2892f926146407bca87c60b65c645f130c4012ad3476'],22191149856988323361559776667260036228001146261474894065760349848708338010437
2026-01-13T05:01:26.799180+00:00,Duquesne Dukes,Dayton Flyers @ Duquesne Dukes,4.42,13.00,8.58,BUY,0.3400,13.0,FOK,1.0693,True,matched,0x914c5f35693722e610a23f1c1d69e47662f23e2a4fab2e070dce2c2e75836a03,['0x2a15170f59a6f87b90336e21f76cbab279f6c1fa98f80a7e000dba4242377840'],68550547723622252486520327474345927765736065444440543136865654357563280230645
2026-01-13T05:01:46.540338+00:00,Indiana Hoosiers,Indiana Hoosiers @ Michigan St Spartans,2.70,10.00,7.30,BUY,0.2700,10.0,FOK,1.0636,True,matched,0x4fe3ce4d35b140e95be1a7f34ac410856dff7d5b29ed5f07c747af27f185da31,['0x312ece6e32a6393ef37a28d92e16c39b0bc23b3016dfef695936be270dc91efd'],75730576612423594239028339168442089292733081068334410601223982831094242208184
2026-01-13T05:02:09.935908+00:00,Western Michigan Broncos,Massachusetts Minutemen @ Western Michigan Broncos,1.29,3.00,1.71,BUY,0.4300,3.0,FOK,1.0152,True,matched,0xb450004b189f598a7c8832f788f54fca15a65076496f7c8c10328566e79316b7,['0xdf581834854a3b804b5dc2d900e163eb4a0b2257615b5a5a8008d4e44ddb7260'],73349415687235402522432364492174132332616332875296140915439898046511801440161
2026-01-13T05:02:21.284890+00:00,Notre Dame Fighting Irish,Miami Hurricanes @ Notre Dame Fighting Irish,5.44,16.00,10.56,BUY,0.3400,16.0,FOK,1.0953,True,matched,0x4d31c730433a5bcd66aae8393ee2f4ec0f4ee40ea5656d16a57dc24b08ca75b3,['0x65353a828e9609277ed9156af55f14fd0537f0c976fbfe948c611d59a73f708b'],38757780892958725189771350563785956483466037610156318320039398776077725417053
2026-01-13T05:03:31.403102+00:00,Valparaiso Beacons,Valparaiso Beacons @ Belmont Bruins,1.65,11.00,9.35,BUY,0.1500,11.0,FOK,1.0917,True,matched,0xa5502f8817a557d3e1af5add862693b1f74231d470d1b79e07e102c84d47c60a,['0x0f2959d9a88d8db87dda95a4aaaba66065ebc9056a78d33837d300689b75ef85'],9027649662899359109484349145375031448605381553947982920377161148100551964921
2026-01-13T05:04:26.941754+00:00,West Virginia Mountaineers,West Virginia Mountaineers @ Houston Cougars,1.65,15.00,13.35,BUY,0.1100,15.0,FOK,1.1286,True,matched,0x3feace284a939ef158d9d038bd9e28230651b0d79046c91b2c1769ad05fe72f1,['0x344d0bb387658af7fd378c64e22262e93543d675374a9a5f76f9d781d8b3cd4b'],72619849903377012251547779930734883293063151149133712390587494500988857469244
2026-01-13T14:35:35.669885+00:00,Heat,Phoenix Suns @ Miami Heat,2.00,4.00,2.00,BUY,0.5000,4.0,FOK,1.0179,True,matched,0x4956a0d45e556683d83eabe7ce6a712547c50424fda87704323104f849e7de66,['0x79fde9e54ea70806e3ab17f029ad06ca24940cb56197fdfbcc10f4c658b71b81'],80808215774487410125179948565689911061595950433190966569343155713368631214741
2026-01-13T14:52:20.192276+00:00,Thunder,San Antonio Spurs @ Oklahoma City Thunder,3.55,5.00,1.45,BUY,0.7100,5.0,FOK,1.0140,True,matched,0x19d0e66e7b95ad15aec01a2960cd1727c8d4a237cd9d7fda1f751f1ac86a3d96,['0xc031c8782522fbd7523e714a96a77e04b71ff9c9b769eef063073be22c6b3117'],91752867975433437658488350137632286578381516325821217851853543411203664390356
2026-01-13T15:11:50.679551+00:00,George Mason Patriots,George Mason Patriots @ Loyola (Chi) Ramblers,6.84,9.00,2.16,BUY,0.7600,9.0,FOK,1.0207,True,matched,0x2fb69a5dcf825bcac1908f8d8bd2f155be9b61daa04af9159bfb8cf3cc2b9b14,['0x8b05c2da4e4c5693f77fa6ff439ca08b0a1ad38630b646ee567428ca5f172790'],49609047405432003444594892927177315388364236854427853323359481045731543290972
2026-01-13T15:12:39.251826+00:00,Ohio Bobcats,Ohio Bobcats @ Toledo Rockets,2.20,5.00,2.80,BUY,0.4400,5.0,FOK,1.0309,True,matched,0x66d2194817c668c5fe0b1f90a42a9662fd919fe921a2b3604f5f11eb3af32911,['0xb087f05ebd4c57df2ff22bfecbe256731cba40c0dc805bd42fc69cd01b2102d9'],34968764705550221195659072226021445078728308881941114756515466594533420763250
2026-01-13T15:13:22.715780+00:00,Western Illinois Leathernecks,Western Illinois Leathernecks @ Eastern Illinois Panthers,1.38,6.00,4.62,BUY,0.2300,6.0,FOK,1.0478,True,matched,0xc41b10582569982fc98269ecab2c83b0776e90cdedb4b57700c3c307e3e77f00,['0x1c46ef4d66085fef1b6f9d7c8e1bab517d17efb79832e2a5f54d63bcd759d15b'],34698803106200301460887567248276127280803697405821142679562121328833973964946
2026-01-13T15:15:59.525296+00:00,Saint Mary's Gaels,Saint Mary's Gaels @ San Francisco Dons,3.55,5.00,1.45,BUY,0.7100,5.0,FOK,1.0174,True,matched,0xe215031ac188ce96c3e281c017e321aad5084f1b182b98a4521c81723ff048d9,['0x6123b3918d416761c751ccd3e358d74f4ad1b55f5d14a99cce1303206c0d4a98'],99097336534323752189765500149430001531183492677386406477674550633952120793982
2026-01-13T15:17:22.336490+00:00,Jets,New York Islanders @ Winnipeg Jets,1.10,2.00,0.90,BUY,0.5500,2.0,FOK,1.0127,True,matched,0xec4449d009c611fcdaf09ea10a98994adfd19918485e8c4156a4448c00b712db,['0xc0572970fc25ac0ce8efe594c85d2d5d61a584b68d8ba61eaa21554a36ef2561'],65947175901889178348534194964672495764744380719183556635923425496304766550479
2026-01-13T15:20:14.126252+00:00,Boston College Eagles,Boston College Eagles @ Clemson Tigers,1.28,16.00,14.72,BUY,0.0800,16.0,FOK,1.1623,True,matched,0xff7fbcaef0090a9799e25323c64e491bd1f197452db489b7037d16629bc158da,['0x168328c281fd1e4d80ab44533b2830a80ec7fe364a8870ddbf542fd404661387'],14263140228467276476579440462401787981368370438873075487885055539040193159582
2026-01-13T15:21:48.704414+00:00,Seton Hall Pirates,UConn Huskies @ Seton Hall Pirates,1.50,5.00,3.50,BUY,0.3000,5.0,FOK,1.0417,True,matched,0x3a69a16d19fe36e76c3b1c8caf290c64fd89ad5014bfa5e3eec0f50b9e352b51,['0xf0d74be210861a106829594ab896468556d0619a1e5e2392292c7028f9ae68f4'],43969695464772735437088839125717069490106518963480422717939353669726448246651
2026-01-13T15:31:32.452199+00:00,Minnesota Golden Gophers,Wisconsin Badgers @ Minnesota Golden Gophers,1.41,3.00,1.59,BUY,0.4700,3.0,FOK,1.0197,True,matched,0x8e8a1a43e70e92f5d1b5e59e2933a6517df63e890c20700d7417d9455337d92f,['0xfe561b0fc93ddd91a3e8e0d6a3c86d38acdf0d95b51268cc7f641f298d2cd884'],84173369974332149459621686816344220958167034876358829789515292699261601505573
2026-01-13T17:36:48.571246+00:00,Bucks,Minnesota Timberwolves @ Milwaukee Bucks,1.68,3.00,1.32,BUY,0.5600,3.0,FOK,1.0166,True,matched,0x9e7a327ebe64ed2645745c5e4733294e3700a24aa1021c16d220612b00d81885,['0xeaeca0296f91b8baaea25c4908c417a5fbc1556a39515bc6b7056973cda0ca51'],100125824992556079083428479612525801039419976022498082369498103523690959913794
2026-01-13T17:38:15.111372+00:00,Virginia Cavaliers,Virginia Cavaliers @ Louisville Cardinals,2.73,7.00,4.27,BUY,0.3900,7.0,FOK,1.0528,True,matched,0xf9dbcb24bf976949dffc3510e7206bbaf4f7564f59531abe3ee960cd45cc6d04,['0x0dfa1c15c4cc79f3263281bc9b1e2c9287eda19da1cde9e32c30d0656d317c03'],52783580046423278204286097296262514013519963413879005649813506179815799745543
2026-01-13T17:40:54.429252+00:00,Air Force Falcons,Air Force Falcons @ San Jos√© St Spartans,1.15,5.00,3.85,BUY,0.2300,5.0,FOK,1.0458,True,matched,0x2082ea39da8b296a3f622e51a2048190af8abba7eb089ac85b558dcf549b58be,['0xff97597e79dece5a22e59595ffcc8bf2f434236a0cd7dc374b2787614b422d36'],71722765286478098800904255252738353850882570521989989237089386827460767896382
2026-01-13T19:44:59.577955+00:00,UIC Flames,UIC Flames @ Northern Iowa Panthers,1.96,7.00,5.04,BUY,0.2800,7.0,FOK,1.0660,True,matched,0x75ab1cd3bc58576d4cf5cdc83f47ae3b59deed7a4608ba031cfb52a431ee58b9,['0x7f63d17c55467c52f1973c3f9bc02a83180b9746e7324ba428a08de54af39bd9'],42036491094565657977951444512401553204436185949605139450503157033770554285147
2026-01-13T19:45:54.735738+00:00,Baylor Bears,Baylor Bears @ Oklahoma St Cowboys,1.00,2.00,1.00,BUY,0.5000,2.0,FOK,1.0130,True,matched,0x32523a3cb2d97dd2670e193429ee1f673f00f42f8f92afa2e70e3f1e12afc45a,['0x43b3cc8982ae220ed6c4462a37768c331f3c57c3e38daa66ff94fbaebe074ee9'],102564671366306635632634970213281603110583209637596125963568843711486093038929
2026-01-13T19:46:57.716795+00:00,Kansas Jayhawks,Iowa State Cyclones @ Kansas Jayhawks,1.17,3.00,1.83,BUY,0.3900,3.0,FOK,1.0269,True,matched,0x4383499979ac027799b8d0bab074616cea697b7e939f7619179b1a22564bb385,['0xbaf9bb71d18cad6b10d0a67e5f71d0852852337a4339e5e805227657b017bec9'],30851280225157234706350740930386796014438401048641378767838847342070868238857
2026-01-13T19:47:54.251403+00:00,Blue Jackets,Calgary Flames @ Columbus Blue Jackets,1.12,2.00,0.88,BUY,0.5600,2.0,FOK,1.0121,True,matched,0xfce7fa7b8d1484a55d6ed7ccd1d313fb167100b5c79cdf5104c1ae7833879de3,['0x1fe9cb316f0d5660c084251bda8f9a5197e3dcbdf51207ff6c1bf8a2414175ac'],21050516158151118277127490974972261968587950644559959281819264219077921265532
2026-01-14T02:10:23.894349+00:00,Rockets,Chicago Bulls @ Houston Rockets,21.90,30.00,8.10,BUY,0.7300,30.0,FOK,1.1049,True,delayed,0xb01da5ee06945eab334a190720b065440d52cec0ebcb3879471132b762367290,,93923098486713770554477180408867757387096666956802530304486497148830548532242
2026-01-14T02:10:39.954921+00:00,Nuggets,Denver Nuggets @ New Orleans Pelicans,2.64,6.00,3.36,BUY,0.4400,6.0,FOK,1.0618,True,delayed,0x182b0b3b3129890932cbb2fef793b239d7569928eb9e7c54f6d5e8da9d770d04,,34609445327496356645676928386981148003406395424517859307475357939909854188202
2026-01-14T02:10:57.277118+00:00,Hawks,Atlanta Hawks @ Los Angeles Lakers,2.16,4.00,1.84,BUY,0.5400,4.0,FOK,1.0382,True,matched,0x1d9b65cce635c0fee10138e55d117cdc77a6a052ae2e77fd61c11929ec4ca2bc,['0xb8ac23e1d31bc74b443cfd82b16096fd32c5dd6de87c1ccf90b78ff2aa6fc619'],76325895993356181009101288677842767609088407297153583128236490813525910730556
2026-01-14T02:11:29.238711+00:00,Tennessee Volunteers,Texas A&M Aggies @ Tennessee Volunteers,3.48,6.00,2.52,BUY,0.5800,6.0,FOK,1.0512,True,delayed,0x077fc05d1bd333e94ffcac1b12fbc2ca01f80cddd89481f3ced28c5149f418bc,,4311654188341878598897596756678274893129735642602875403579049907795147693151
2026-01-14T02:12:24.292320+00:00,Creighton Bluejays,Georgetown Hoyas @ Creighton Bluejays,6.66,9.00,2.34,BUY,0.7400,9.0,FOK,1.0516,True,delayed,0x79f58b67f4247029ae9a4c62413c5e752577100d697ca1ca51d70831309664c0,,75466351393176125118682201350550959724362672083786035636493205275666404409862
2026-01-14T07:47:37.101908+00:00,Pacers,Toronto Raptors @ Indiana Pacers,3.44,8.00,4.56,BUY,0.4300,8.0,FOK,1.0340,True,matched,0xe8cf36acdacc5b0c5f7006d297ef3c95b78f94d852859e383a1f0cf0b4b5c283,['0xf9f68de5d8090a38bde463cd98fdac1d19cd0efa0afbc2c27383e3c60cfd0cc9'],13409645919418703562165477212065341512279921547494461478001930491306179801592
2026-01-14T07:48:01.774668+00:00,Over 246.5,Utah Jazz @ Chicago Bulls,1.96,4.00,2.04,BUY,0.4900,4.0,FOK,1.0164,True,matched,0x5098cf78e6de0fb166654cec8038fb21b96f551b183cb39b2978dc9307913249,['0xcade8e627516e01c6842a9f07b4412c7166e27ac2bc759c4ef6da7cc57cd4265'],92627262982627569109412769223563378527214059283367113911839124377677828724463
2026-01-14T07:48:50.844052+00:00,Wizards (+11.5),Washington Wizards @ Los Angeles Clippers,1.47,3.00,1.53,BUY,0.4900,3.0,FOK,1.0148,True,matched,0x332cecf4a04987a3637a8c33799fbb2202b894bb3a0d4ac2f1a77506727f8f6e,['0x4e152f79a9cb7984833703440a53a872f473b4791d92847d66685625b22e0934'],98561315488180233875462551484472103878246504788190082058496788826064520073232
2026-01-14T07:50:04.703772+00:00,Xavier Musketeers (+1.5),Butler Bulldogs @ Xavier Musketeers,1.50,3.00,1.50,BUY,0.5000,3.0,FOK,1.0137,True,matched,0x2391b42754346ec45d8b672c8ebbb131e36cb6959b0cf7e57965493d5f90df96,['0x0412a86a68de0d62356673ea81f3370c31626fd82afdb9ee8af06018faa96bbb'],94853990636972497824774434799051363026486331589395019614128939207708059283328
2026-01-14T07:50:31.492209+00:00,Over 142.5,Iowa Hawkeyes @ Purdue Boilermakers,1.47,3.00,1.53,BUY,0.4900,3.0,FOK,1.0128,True,matched,0xe685c62fb3bbf1580ab2ba2edf341e53eda0617b80a1c7ca38ebc485d0ab44e4,['0x20a605f2b50a064793d8769ff50d7a82e9605c797b4a30e4b6ef6230cd893702'],89317924358667460109649790385256322947384227538335247584651444752790871938005
2026-01-14T07:51:32.306941+00:00,Coastal Carolina Chanticleers,Coastal Carolina Chanticleers @ Marshall Thundering Herd,1.15,5.00,3.85,BUY,0.2300,5.0,FOK,1.0337,True,matched,0xa749fa94366a753b0eccc7a4a39dbf28a0e38508cba4ca10414d3c62fe438f63,['0x3d6e6cb34357759b02a76fd18c3ad090b25fe21b33d3c74b4b7b97d4cdb97bff'],95784236440669794619766577913319364540255349238164299838888449999637336579107
2026-01-14T07:51:47.524793+00:00,Davidson Wildcats,Davidson Wildcats @ GW Revolutionaries,1.35,9.00,7.65,BUY,0.1500,9.0,FOK,1.0623,True,matched,0x22b289b7fb5ad97a453090c46d5e8cbf449b8b8d0563113e7214ac5b40850152,['0x715b5f1dd122079041327506b0fa8a8ded26e029dbaa3a8edfae74209ae9e016'],76354807120595057773766035208459212654454637367386485171592501198207032000849
2026-01-14T07:52:39.816888+00:00,Ole Miss Rebels,Ole Miss Rebels @ Georgia Bulldogs,1.26,7.00,5.74,BUY,0.1800,7.0,FOK,1.0472,True,matched,0x38d5ad43ac548bb99f8896e37746e8eb76df254be3460ad20d6686661cfff40e,['0x9441f686970ba2766c82bb3f404cc9901c964242955ef9d3e4feacf0ebfd090c'],76997433132100634480017431032587192948817167027734688166516529850286138440859
2026-01-14T07:53:59.864709+00:00,La Salle Explorers,La Salle Explorers @ Richmond Spiders,4.75,25.00,20.25,BUY,0.1900,25.0,FOK,1.1627,True,matched,0x32278938f14f47ffd781f2eb37f285ded00f8ebaf932f41cedffa4c0201a63d2,['0x79245913c7270681b486a31cbc516d2b54458c872c416e7a7a3bff10e1d4255b'],97125920061630850532556210614566245227553000251007439773838283043813169803984
2026-01-14T07:56:30.124878+00:00,UTSA Roadrunners,Rice Owls @ UTSA Roadrunners,1.32,4.00,2.68,BUY,0.3300,4.0,FOK,1.0221,True,matched,0x86a5b19caf9d75743929ce4474c464d5e5ee180aa1542c9bc7053f618d2d2d85,['0x45ba6495994949ab892860800837e0333cbeaf43b61918e5976c1f34c6affa00'],8058289971231158485868581774358780076891584744507856412923940747032313111943
2026-01-14T07:56:48.863619+00:00,Northwestern Wildcats,Illinois Fighting Illini @ Northwestern Wildcats,1.47,7.00,5.53,BUY,0.2100,7.0,FOK,1.0516,True,matched,0x9509763fdb35f960a811771a588136e8f3e22f5aa14f6d4cc22cf6169c8b4504,['0xae5b9478d5d14cafbf6a7ae38b4376ca23776fdb2d8eae19e05b20357b883908'],101753133704193640924682555981584790957666816737011004697772798223331229784609
2026-01-14T07:57:01.911118+00:00,Penn State Nittany Lions,UCLA Bruins @ Penn State Nittany Lions,6.65,19.00,12.35,BUY,0.3500,19.0,FOK,1.1056,True,matched,0x418f0b8987804aaeb0a88661fbca0e3e9f175c70dc3a3c4df287bea0e8012e01,['0x9fa73848765add50f2eb91075397b81a2083f2c87e204f6cd3478028d8f34629'],73968379061792371537830131768118016166150930330485933713089417190840672941258
2026-01-14T07:57:11.794571+00:00,South Carolina Gamecocks,South Carolina Gamecocks @ Arkansas Razorbacks,1.36,8.00,6.64,BUY,0.1700,8.0,FOK,1.0663,True,matched,0xca8276a45faf0fc988f6751c045af7428258fd751bf6dffeabd50c697cd92409,['0xe7ae83745443a5839cf38f2850398d9952eaf409b46ebbb2097b305bc68b2f83'],32331579113830884786106957397566756137907944430092218289372879973259135624304
2026-01-14T07:58:01.078521+00:00,Texas Longhorns,Vanderbilt Commodores @ Texas Longhorns,2.17,7.00,4.83,BUY,0.3100,7.0,FOK,1.0446,True,matched,0x33e0ae356636f3ab20011f262910928ad1ccb38b6b8f30a5daf887266e54c482,['0x64a5871caac9cd4fe44506d10a43c384c759300bc4e74335bfe8549e76782878'],13606493092416677334836074078565213652079063520426970589550444488896556800122
2026-01-14T07:58:16.726764+00:00,Utah Utes,Utah Utes @ Texas Tech Red Raiders,1.61,23.00,21.39,BUY,0.0700,23.0,FOK,1.2026,True,matched,0xbb9b63220c1d3f3185a47039c80ecbc4fddb99af461af7057a2760f80f72c767,['0x185842a04c9b703a5018bef82955de4b18b20c453d87fd271d779c9842e50861'],79620925676449434357686270946389292867979556273176337404945766201278498941533
2026-01-14T07:58:28.870700+00:00,Virginia Tech Hokies,Virginia Tech Hokies @ SMU Mustangs,1.30,5.00,3.70,BUY,0.2600,5.0,FOK,1.0401,True,matched,0xcf31ae5f92a6c9190f12b7058754369dff648d29282cd7dd3f39cbdcc6684592,['0xb7d0fd9b4523335fa24bd8064e8bbeec6705024e42d1c2ba937ed0e7649ea8b6'],65029177681641367056066039281966329295168718004266888949003308948889884105109
2026-01-14T07:59:32.216990+00:00,TCU Horned Frogs,TCU Horned Frogs @ BYU Cougars,1.04,8.00,6.96,BUY,0.1300,8.0,FOK,1.0691,True,matched,0x0c5f44e370824f88a88159999125db408764e52c1662d82210ffc4fbef77f6ca,['0x3653187c5eb6b40f71f5f8e0419367a66de8190f560c1610ca4550357797b3ab'],60568314755771220473117056641982262918763046172156173530361914222833471155084
2026-01-14T07:59:39.884656+00:00,California Golden Bears,Duke Blue Devils @ California Golden Bears,2.21,17.00,14.79,BUY,0.1300,17.0,FOK,1.1473,True,matched,0x971f372ff54882ef36bb6403bfca665c895e01c11989361cb2803ab46d3a616b,['0xc1b57772d5270fd46ae5c2f63585356a64017e558ee89a436d1cea69e6294890'],54858057808171693282921625457801219345300326251814910277487241192133699932592
2026-01-14T08:00:10.673670+00:00,Sabres,Philadelphia Flyers @ Buffalo Sabres,1.71,3.00,1.29,BUY,0.5700,3.0,FOK,1.0139,True,matched,0x8b5de24c81757989f1e64a5b7a70cb98094d7b5629b46498193c822779c949a0,['0xafed6540f8f18e180468470297095e6651805c766860d151bdf5a5b5f6be39d7'],57911167058057559584266517737348171104411664510679298647373087924897264109551
2026-01-14T08:00:11.949851+00:00,Under 5.5,Philadelphia Flyers @ Buffalo Sabres,3.36,8.00,4.64,BUY,0.4200,8.0,FOK,1.0466,True,matched,0x27dfbd6ca9996e83c7fc34497e83ff5ad263d4a5c8cff5acb983000741c8a09c,['0x5df87cf8b664266d7400cbd12be4ae249741330d7aec9822daec542301e194fe'],45235337589405117126623754962682513540576847583437011844332800286703527168778
2026-01-14T08:00:28.666671+00:00,Rangers (-1.5),Ottawa Senators @ New York Rangers,1.16,4.00,2.84,BUY,0.2900,4.0,FOK,1.0302,True,matched,0xcfd0c04c8fcc3264278a0ffcd71cc1bf86dd87ee8433c195d1af3cdcf236b512,['0xd7e7a0c5d514f6e437ee1ec23d3c046fefa45b872119c331e33d96e2714c6fa1'],4829901271933687107613431725457814341186493929404967161146495152284349211449
2026-01-14T08:00:41.249937+00:00,Kings,Vegas Golden Knights @ Los Angeles Kings,2.88,6.00,3.12,BUY,0.4800,6.0,FOK,1.0331,True,matched,0x1ba871daa73c5ef6c98b84870cd6f7cb0369fd0d03587a53a9b9915894dd060e,['0xecae845349ad97b63f1b316aaa7981e4f103b4f7ccd38752eb1d9d6cd0dd4948'],74795511648126861517107299571372813718122539886475025119363701094276401776047
2026-01-14T08:10:05.543843+00:00,Pacers,Toronto Raptors @ Indiana Pacers,2.15,5.00,2.85,BUY,0.4300,5.0,FOK,1.0339,True,matched,0x50a0814e82bd4519b2dec8dd6e8659facd48fe4a93aaf59e30581fa7c203f463,['0x003cbb754e95bb9658bd23e3e48a31357fc09abc3d466e279585b8136725d1d8'],13409645919418703562165477212065341512279921547494461478001930491306179801592
2026-01-14T08:10:27.052494+00:00,Under 228.5,Brooklyn Nets @ New Orleans Pelicans,2.88,6.00,3.12,BUY,0.4800,6.0,FOK,1.0358,True,matched,0x07006c8f8beb7152a248869df3243760b67332fc83dee2aeff2c4c89410dbebb,['0x7336582a6ebb30cf65e04bba05f237b9859cf9e36681ee70cd5edc513580c54d'],24284641444422877753668867291662514290300992105915299668560581532997196718934
2026-01-14T08:10:48.271768+00:00,Over 246.5,Utah Jazz @ Chicago Bulls,2.88,6.00,3.12,BUY,0.4800,6.0,FOK,1.0376,True,matched,0x8f5b6da2cff02990f544e227c6cc96c7de0966b9bf7c55ead2f6fc7c1ad92f40,['0xc1a52fc24e2fee0821943809ac432f5d2722855b463d03b57deae74f5b2be794'],92627262982627569109412769223563378527214059283367113911839124377677828724463
2026-01-14T08:11:55.884741+00:00,Clippers (-12.5),Washington Wizards @ Los Angeles Clippers,2.40,5.00,2.60,BUY,0.4800,5.0,FOK,1.0348,True,matched,0x69f2b6bd8d48ed65e3885447b56cef2aaf706f7d95a04dab053c44ad659b4e4c,['0xfd5a66e880d86caa61a5fcd05660dfdb1d34e84330352902a46e2ad576fc44c4'],115507727906298485967659329095912639412320428036290688873111731446648961348427
2026-01-14T08:11:57.748059+00:00,Under 223.5,Washington Wizards @ Los Angeles Clippers,2.88,6.00,3.12,BUY,0.4800,6.0,FOK,1.0417,True,matched,0x5ddc48e7fd950f11cd5ec071bfd67ef9a49de771b981fa7c3690f3354b530369,['0x4dc4a2e322da0d2c488cf662ea6628f8f138f4d097dcf069b2eb13c87231d2e9'],67620663184087497434100124842910858254527072871762036096122371212366213113264
2026-01-14T15:56:26.151637+00:00,La Salle Explorers,La Salle Explorers @ Richmond Spiders,1.84,8.00,6.16,BUY,0.2300,8.0,FOK,1.0785,True,matched,0x5f1274cfdec66b4fb28e0033d0f5403cd35ffee852370a521bdb3b3a725de6eb,['0x4643e4a8979700a0a595004387f2704992a3d5eadda70efbd92b8b933dcc1800'],97125920061630850532556210614566245227553000251007439773838283043813169803984
2026-01-14T16:20:33.415913+00:00,Clippers (-12.5),Washington Wizards @ Los Angeles Clippers,1.00,2.00,1.00,BUY,0.5000,2.0,FOK,1.0128,True,matched,0x8a583c1bbf8dd7102ea2dd47a0c441528e8780856b7f0a7fdb048f4e94a3f104,['0x4866a14d836bafeb6ca0f57457b95f8c3f404f939c1c81a288a0030af6d07da8'],115507727906298485967659329095912639412320428036290688873111731446648961348427
2026-01-14T16:22:36.095304+00:00,Under 161.5,Butler Bulldogs @ Xavier Musketeers,1.96,4.00,2.04,BUY,0.4900,4.0,FOK,1.0284,True,matched,0xa7ce313129ac70a67e713f9c00f33ceb97632ffb047b87acee279094870ca042,['0x4a6314627edd4ba7e0940d16c56247bb4ce9a1e9256311e4993bb9a545c016ef'],14260247092712245334820973105341411967859779433796929903367081011219684095373
2026-01-14T16:22:58.454730+00:00,Winthrop Eagles,High Point Panthers @ Winthrop Eagles,1.38,3.00,1.62,BUY,0.4600,3.0,FOK,1.0217,True,matched,0xcb8df874e7a570683e5cd8ce6619ec344c236b3491e66fcff9b39db15a887886,['0x72ed4b625331b3d372ac79e186d00de240c0be4fd4348c54d8da8226dd9cb471'],2622095720719918383003272486173640424859317443467211239767972456254737282744
2026-01-14T16:24:38.003208+00:00,Charlotte 49ers,Tulsa Golden Hurricane @ Charlotte 49ers,1.17,3.00,1.83,BUY,0.3900,3.0,FOK,1.0295,True,matched,0xe9ede51e9dcb6c6b9ecc116e5ffbcdb94f75ee4473b24c07dd692c1d48fd6855,['0x00090f06bb4defd461b0d42438266dd73d9b2beac26f459424ee761578ebacdd'],62525609774976432595761817419897472362420066325551623449184726832651165201581
2026-01-14T16:29:57.521816+00:00,La Salle Explorers,La Salle Explorers @ Richmond Spiders,1.61,7.00,5.39,BUY,0.2300,7.0,FOK,1.0785,True,matched,0x0b734f717ccd204ed39c940454f93c70c9ba68955a173f6df23d89d94bb42f4c,['0x71c1e262aed0b50f716771e76d568cd8b56e4d56670790cc11045616c34c28e5'],97125920061630850532556210614566245227553000251007439773838283043813169803984
2026-01-14T16:30:33.591145+00:00,Saint Peter's Peacocks,Saint Peter's Peacocks @ Quinnipiac Bobcats,1.56,6.00,4.44,BUY,0.2600,6.0,FOK,1.0679,True,matched,0x3d23e19209f0155297aecefafae24317a5a73f65f12c1c444810d9fd3d621c52,['0xa9536e2d999a0f89114c956c4afad92fe1aab14af4b3229974b383b4fccb5886'],59978074984731715820617131049682582978813937492867957237598790186767843541347
2026-01-14T22:37:18.106463+00:00,Holy Cross Crusaders,Army Knights @ Holy Cross Crusaders,3.35,5.00,1.65,BUY,0.6700,5.0,FOK,1.0253,True,matched,0xd79049ddf0702f72375bb13a7e79094a644bec54969d932a71094f25be02a462,['0xd4f7b33b770c6fd9ec962b362b5b2a4d3602315c4f1fab57177812508adfaf38'],30188975738414697432292215194050574699425367465660260440272587435590033541323
2026-01-14T22:37:19.868736+00:00,Holy Cross Crusaders (-5.5),Army Knights @ Holy Cross Crusaders,1.44,3.00,1.56,BUY,0.4800,3.0,FOK,1.0253,True,matched,0x2736240bd48f147000dc466b2ba2f73e34d7e86610e1bb2373ba166e4ea1a53d,['0xe6361187e7e2e17f48213dd377c775bf57bd0bda6bfae9b46a757f18c7c7fc4e'],72613707365859036449992907523701808714656686081473741411486793227862948070800
2026-01-14T22:37:44.816797+00:00,Over 145,Lehigh Mountain Hawks @ Boston Univ. Terriers,1.41,3.00,1.59,BUY,0.4700,3.0,FOK,1.0297,True,matched,0x0e5ca1cb8a00bcbb4251d90feafade30ebcb02243bc89435649af05a02ecc113,['0xeaeb09498b740df96f5382f1d4a68001e9a4865fc88491843b8e3f819326f424'],54322593405564751485427342929314389146955946365170848950946454038357672920405
2026-01-14T22:45:16.317897+00:00,Rider Broncs (+7.5),Iona Gaels @ Rider Broncs,1.41,3.00,1.59,BUY,0.4700,3.0,FOK,1.0252,True,matched,0x79b22dbd9c189b302ac29395e328ddd11465920b96aea39fc8049a2c47e61e75,['0xb59885ff98665edabfcfa880e92f7b4a0c77ad49222c06cde8cdf38934e835b1'],75408630612762036421370568240566642119703296468646503941943973604695014393116
2026-01-14T22:47:45.415735+00:00,St. Bonaventure Bonnies,St. Bonaventure Bonnies @ Saint Joseph's Hawks,1.06,2.00,0.94,BUY,0.5300,2.0,FOK,1.0212,True,matched,0xa1452ba7f1cb219d1c88b0f9fdc64cb05494275913e363238f5c387587fd2a1b,['0x64e2def97a51f9b84a71367cbfca19563e653851f00f67268cd43348d6b6646b'],13074934441275412187220012714552281921191854691879466242970594216363402760357
2026-01-14T22:48:08.151939+00:00,Southern Miss Golden Eagles,Southern Miss Golden Eagles @ Troy Trojans,1.60,8.00,6.40,BUY,0.2000,8.0,FOK,1.1111,True,matched,0xf77e667592946c39b147aaf59c1425445478aea15c15849a38a7db92803f8604,['0x2c60f4586552fadc6a4c6564301e9d72d3294736335f5ff2cf402204fb4ea017'],49182832084059714681004322606313106586017242169385756151691244050753691508207
2026-01-14T22:54:21.939052+00:00,Texas Tech Red Raiders (-17.5),Utah Utes @ Texas Tech Red Raiders,1.00,2.00,1.00,BUY,0.5000,2.0,FOK,1.0234,True,matched,0x22d2a1bafbb1811daa1d93df2a70b7654bf68852ece3d22fd1958278e37ba01a,['0x4bc09798f9a6f9e5153d95a35b2e7c6d39d127422864f7b26bd5a39e58859249'],64124746711503010835170232958541402110559144567732926523374372577699839171393
2026-01-15T13:10:04.422874+00:00,Hawks,Atlanta Hawks @ Portland Trail Blazers,1.83,3.00,1.17,BUY,0.6100,3.0,FOK,1.0104,True,matched,0x2fe31571f7c940c5d803557654e4cee0aab478d93f380afa9d9f7fc304ebaa3d,['0xc82826557c8f39901bf2a78f0f19cec9c8127b7440a16cee9c04c36feff484e1'],14961519725352571011335155858678082558760357977855692634995759328270066289356
2026-01-15T13:10:34.312031+00:00,Hornets,Charlotte Hornets @ Los Angeles Lakers,2.59,7.00,4.41,BUY,0.3700,7.0,FOK,1.0355,True,matched,0x673fb9bf15528926e58c3683e75cb414f3ecaf9007e1047307ce10bc3d3602f9,['0x2f23de92c61e817bb2b9aa644f405c824befef736e53d653f7f50919ff4d979e'],112975580596555645660828369924271167069996118403948058625904606487103662169286
2026-01-15T13:10:53.450494+00:00,Hawks,Atlanta Hawks @ Portland Trail Blazers,1.83,3.00,1.17,BUY,0.6100,3.0,FOK,1.0104,True,matched,0x40891f05904c52060951da78467f496ac737ff8da01b5a9a1df94a16cb53708c,['0x0e5a4ce05a2446071a847a47a5a1c401e567af283984a2760d0d4e849dceb812'],14961519725352571011335155858678082558760357977855692634995759328270066289356
2026-01-15T13:11:09.176101+00:00,Heat,Boston Celtics @ Miami Heat,2.64,6.00,3.36,BUY,0.4400,6.0,FOK,1.0272,True,matched,0xbb2a9abdf08ca2cabefa8a22916691d4869ffb8f6c033ce10b398469cdcc9b50,['0x1f5083bfe0d2b0b627342e89f94831819cbc90ddf1f9a2c83c5e19e0a5d9f192'],100114944086585435187417682200020755800212181317911131582081797925645276924175
2026-01-15T13:11:24.905508+00:00,Hornets,Charlotte Hornets @ Los Angeles Lakers,2.59,7.00,4.41,BUY,0.3700,7.0,FOK,1.0355,True,matched,0xe4912133d7ecafbc391e9f2fbe7fe1d425e1f40e141bed46648ef5b7779263c8,['0x066308d51e7d1b1f1cb66986691c4b28448d2755aaf463cbe2e8205697de4193'],112975580596555645660828369924271167069996118403948058625904606487103662169286
2026-01-15T13:11:26.752109+00:00,Warriors (-7.5),New York Knicks @ Golden State Warriors,1.44,3.00,1.56,BUY,0.4800,3.0,FOK,1.0130,True,matched,0xdd09691af120964e080e8f5aaedf113ca387bec069a28dffae22ef6723041123,['0x158c318badab0b0b5cff05fd412d7e26dbc55a86d0d66d6a6c248ca6b74f876b'],101592610150376134960629239592129021833219229745764110656984253332594328136625
2026-01-15T13:11:45.363969+00:00,Rockets,Oklahoma City Thunder @ Houston Rockets,2.59,7.00,4.41,BUY,0.3700,7.0,FOK,1.0369,True,matched,0x0589616494bc9b404734e141b32aa8af9f56f3e522ba4a29330cce18eb4bad84,['0x9e5793720a458e5dbcb8379b5d3e459ace7456dcad9ea897b0c6ee0a55f5c931'],80266308100167944933744901575980640858905028288464715911437832466566886066844
2026-01-15T13:12:30.294886+00:00,Rockets,Oklahoma City Thunder @ Houston Rockets,2.59,7.00,4.41,BUY,0.3700,7.0,FOK,1.0369,True,matched,0x88916bcc8525fb66b4b94fd7214fe7aca1ff539bd33c770fd659046b7a96217e,['0x10376d7c46887dd20237de4be2ce49107e812e3030a3a9b18539aa41de4f74bf'],80266308100167944933744901575980640858905028288464715911437832466566886066844
2026-01-15T13:17:56.971655+00:00,Beijing Royal Fighters,Jiangsu Dragons @ Beijing Royal Fighters,92.34,342.00,249.66,BUY,0.2700,342.0,FOK,3.1318,True,delayed,0x013f31a6e11f8dcb3b4b1544bbbf2f534ccd754ba887e205dfe1bb67ff918be3,,66275829919160551281210540304852551332062605068873298743947315996432272870007
2026-01-15T13:18:41.317012+00:00,Beijing Royal Fighters,Jiangsu Dragons @ Beijing Royal Fighters,92.34,342.00,249.66,BUY,0.2700,342.0,FOK,3.1318,True,delayed,0xa6857da0a3f29e6f9216b32bd2325ab2d12c1c26ed9e583a8a0fc1ae8caa47a8,,66275829919160551281210540304852551332062605068873298743947315996432272870007
2026-01-15T13:20:23.882812+00:00,Rockets,Oklahoma City Thunder @ Houston Rockets,2.22,6.00,3.78,BUY,0.3700,6.0,FOK,1.0370,True,matched,0x9f9c8c23014356da07309063d2baee0f17febf93843930df2cdb6cfff0e7e853,['0x46b676842843c4367bb5e8956067faa45e6d15372db3e092e550c401e51c0cfd'],80266308100167944933744901575980640858905028288464715911437832466566886066844
2026-01-15T13:21:16.780984+00:00,Rockets,Oklahoma City Thunder @ Houston Rockets,2.22,6.00,3.78,BUY,0.3700,6.0,FOK,1.0370,True,matched,0xbb38b70f3b2ab558b0a7f03c7429727107f95dd085ae778f696dea47a20bf7bf,['0xcd92aec92b1769be0452ea1a21383ffef28ab88cb5bf07e72e8bbca37ffc82f5'],80266308100167944933744901575980640858905028288464715911437832466566886066844
2026-01-15T13:28:39.226649+00:00,Warriors,New York Knicks @ Golden State Warriors,7.59,11.00,3.41,BUY,0.6900,11.0,FOK,1.0324,True,matched,0x87036ff8f40d44f03324aab4be3875357b7830ff65ea0e918122ff3b32a496fc,['0xd1ed1d0e689c940cae4316e7fbad21448d7b2a426dd950c2158920ad6b7f378e'],113232813282154060465831210270163768784515166070645705397248822330252333311131
2026-01-15T13:29:46.229254+00:00,Warriors,New York Knicks @ Golden State Warriors,6.90,10.00,3.10,BUY,0.6900,10.0,FOK,1.0324,True,matched,0x8680b9a5dc9c8a3f0c5130bfa55112edca1ef319b528075c4fdc698f5bd5c6b7,['0x516dc15b8c566a9acc49aa35ce41404c80d90e392a9ca635df08fc56b2bc394f'],113232813282154060465831210270163768784515166070645705397248822330252333311131
2026-01-15T13:30:17.707221+00:00,Pistons,Phoenix Suns @ Detroit Pistons,2.76,4.00,1.24,BUY,0.6900,4.0,FOK,1.0141,True,matched,0xc282792f2266a1e8740a9611ac68764535590c39d7c6479cb54a79953d7d00dc,['0x551ff34fde41a5ba59ed97163825fd13a37e8df385f2a96b5db82833dc9632c0'],97889117481756071719021359002175524610626456738514559237224517694490931489635
2026-01-15T13:30:19.281079+00:00,Pistons (-6.5),Phoenix Suns @ Detroit Pistons,1.50,3.00,1.50,BUY,0.5000,3.0,FOK,1.0183,True,matched,0xe30e5b22b9fdab568597831702c0f9c441952b7ce9435bd0c962020e97bb5bec,['0xada532de6802c2b4b9db8e388977e504b151fd8b8b8ea83c70ebd9cd515372e3'],24453278046172357529443200843166981250961108220610865335135590086861308071624
2026-01-15T13:35:04.540777+00:00,Beijing Royal Fighters,Jiangsu Dragons @ Beijing Royal Fighters,79.47,79470.00,79390.53,BUY,0.0010,79470.0,FOK,845.5853,True,delayed,0xc6557153e90f351d160fb9603b3099f5430dd928a93d6503178aa719e22a5fcb,,66275829919160551281210540304852551332062605068873298743947315996432272870007
2026-01-15T13:36:19.993576+00:00,Beijing Royal Fighters,Jiangsu Dragons @ Beijing Royal Fighters,79.47,79470.00,79390.53,BUY,0.0010,79470.0,FOK,845.5853,True,delayed,0xbdc80f133f0a81805880138386f3cb4fdd57b07d8c62f010dbfef7b298cb914b,,66275829919160551281210540304852551332062605068873298743947315996432272870007
2026-01-15T13:37:05.311499+00:00,Bucks,Milwaukee Bucks @ San Antonio Spurs,1.35,5.00,3.65,BUY,0.2700,5.0,FOK,1.0428,True,matched,0x3838deb04359c9de9b2ee75b2e0af4c22c640ac966756e67e5e6c0a9b26153e9,['0xfbae90150d89e3dbc7736e096098104ca92d3ff3fd363c9014c9cf4c8d5931d3'],14143447834851368728781825233669437388021678101165415049387919978932539418221
2026-01-15T13:44:53.275861+00:00,Under 233.5,Boston Celtics @ Miami Heat,3.76,8.00,4.24,BUY,0.4700,8.0,FOK,1.0469,True,matched,0xe7e3e82b925c9043c5c08350c24fa55fade87bd889692a7e87c73337ffcdcefa,['0x5b46c749649f5106f64ed69b08e1d6e44808903fcc4c08e6185dcb4182abae52'],71319539525214741222829935746668919153641923389444336501064456938706669288797
2026-01-15T13:46:08.355724+00:00,Under 233.5,Boston Celtics @ Miami Heat,3.29,7.00,3.71,BUY,0.4700,7.0,FOK,1.0469,True,matched,0xdf5421d803d9d43d9b6351719600f035038fc3965cf4f17c550a268e7a9f4a06,['0x7bba6bbbdd9a8c1e9785eb5d2d5a9dbfbb7ba6297462743bdef6a5d7165910fa'],71319539525214741222829935746668919153641923389444336501064456938706669288797
2026-01-15T14:02:58.106345+00:00,Over 234.5,Boston Celtics @ Miami Heat,1.02,2.00,0.98,BUY,0.5100,2.0,FOK,1.0139,True,matched,0x27d7e0a7400fb40d6f0ba28903869e0c9fa216f60dd0c6dbf9ecb11fb2b82feb,['0x9c299aac4c14e6a7b4c0e99ba13f7e3be0f13d024a2266d0e5ffe579341a353b'],8219723289957498710551758065736491954763190002095388390595812057947029766998
2026-01-15T14:03:12.523440+00:00,Over 234.5,Boston Celtics @ Miami Heat,1.02,2.00,0.98,BUY,0.5100,2.0,FOK,1.0139,True,matched,0x13a8824cf9183e6ba96eab5a92b9b86af153e8dd8252e2ee936a53b7123f59bb,['0xb53d9489613715dff81f3f4a4f7f708f5d6faa54070a6f85cd3ff182043c8f49'],8219723289957498710551758065736491954763190002095388390595812057947029766998
2026-01-15T14:04:16.448123+00:00,Rockets,Oklahoma City Thunder @ Houston Rockets,1.48,4.00,2.52,BUY,0.3700,4.0,FOK,1.0370,True,matched,0x08e9090cfb28c54b4c7e1e393febbdac620540340e88936096dec10cfb2e55d2,['0xe4e575cbd6c3d4968b8f8ab9a7643275551f9c15978cf06fd1149bb24c935d89'],80266308100167944933744901575980640858905028288464715911437832466566886066844
2026-01-15T14:04:29.849279+00:00,Rockets,Oklahoma City Thunder @ Houston Rockets,1.48,4.00,2.52,BUY,0.3700,4.0,FOK,1.0370,True,matched,0x02eae1500ec2f8a9379a3c4e294e5d5b22bd68b756a724c2111242d3cc6dd558,['0x8bf0c4fd8d53250641ebcd4b0931a2e5162cdf4480b489fbea88d2fbc675ee17'],80266308100167944933744901575980640858905028288464715911437832466566886066844
2026-01-15T14:06:34.641668+00:00,Over 234.5,Boston Celtics @ Miami Heat,1.02,2.00,0.98,BUY,0.5100,2.0,FOK,1.0139,True,matched,0x21d52a21f060ce0158af5b02be0dc005a2793780807160ebbd253d7b815fb7ff,['0xc604fd677c9b9b7d975da8b4e66260a570140b5953cc7047e960fb70a5d05959'],8219723289957498710551758065736491954763190002095388390595812057947029766998
2026-01-15T14:07:52.222893+00:00,Rockets,Oklahoma City Thunder @ Houston Rockets,1.48,4.00,2.52,BUY,0.3700,4.0,FOK,1.0370,True,matched,0x72a22e1174ca952b842f5773debb2bdb661d671e8e582778a84ceed0eba2a577,['0x06633a8f30b52712a624988a3f85e4c888e734e48aada06551baf216944fbb58'],80266308100167944933744901575980640858905028288464715911437832466566886066844
2026-01-15T14:08:05.331063+00:00,UT Arlington Mavericks,Utah Jazz @ Dallas Mavericks,3.84,8.00,4.16,BUY,0.4800,8.0,FOK,1.0562,True,matched,0xc4a675267bfe4519ccf1c9b3a5fdec5f113cfaf976b255237cbfa93e6e880e6b,['0x3924f59ffcfa2d7c5687af1551b4de8bf2d5c2651337b5534b20c1e75b0e1b10'],53510939622738058976902782325186534803234575171655605451260904878998334841163
2026-01-15T14:11:54.701079+00:00,Northern Colorado Bears,Northern Arizona @ Sacramento State,1.68,4.00,2.32,BUY,0.4200,4.0,FOK,1.0366,True,matched,0x0f3cb4ee4cc8fcf448bfc8efa277f8946557d3762ed1c9fa813b943d626ae6ad,['0xd989c4d8f0188839e5fbde89bb1ee410c37b482bfa59a7e15b0ec31aa477bf1a'],51866993261158417278339383660870597133100974820253418178714071709287684656168
2026-01-15T14:12:46.477164+00:00,New Mexico State Aggies,New Mexico State @ Liberty,2.20,11.00,8.80,BUY,0.2000,11.0,FOK,1.1280,True,matched,0x69810500d06483e73c4294f567ff4e97305b6912154533a333e9b5d58329489e,['0xb3283692480ea56e9a121fa1f98572254da67781d29c889a4ca8aacbb9399b9f'],111832809106686742640190835848562723736077133891212767732369520679434642416860
2026-01-15T14:14:07.078652+00:00,UT Arlington Mavericks,Utah Jazz @ Dallas Mavericks,4.32,9.00,4.68,BUY,0.4800,9.0,FOK,1.0681,True,matched,0x6921ec3625339269d99c1ae6f3c5fcbb9d625a5fe825b7f8d760e0e4a05fa0b9,['0x4dc285aac1bfd492961a3eed0e359f7040798e82fd875a625830080672c9cf81'],53510939622738058976902782325186534803234575171655605451260904878998334841163
2026-01-15T14:18:05.920046+00:00,Binghamton Bearcats (+4.5),Binghamton @ Albany NY,5.06,11.00,5.94,BUY,0.4600,11.0,FOK,1.0917,True,matched,0xc50e197484104c93a83f3f094edc7f59ff9c5adb7560725c2cea252cd8894656,['0x4e52e0dda19c253dec99921f36d11ca83218ec68c72c4a19b8b8ca1d170cb264'],89977547396118468714387105996332479925729467506531091586027606058013908585444
2026-01-15T14:20:45.266911+00:00,VMI Keydets,Mercer @ VMI,1.80,10.00,8.20,BUY,0.1800,10.0,FOK,1.1263,True,matched,0x2c8b9c6fde66359c710b68ef886aae25be73d7ce905e1d7eb96a912d47de5584,['0x4f39b3c9235e218ee497e64f21330977702426f552870908a89c0483a036514a'],14647893304256626323969930022446774111138662765904936428263939754598011745248
2026-01-15T14:35:23.394309+00:00,Heat,Boston Celtics @ Miami Heat,2.20,5.00,2.80,BUY,0.4400,5.0,FOK,1.0430,True,matched,0x6ecb941df90a5086d46b98224b131da91d305ec6a40fd54369bec1eabcfe7d78,['0x6b57c93bcb97a8eb0562bc07ac553c581ba8ce547dcde24fb3ff973338fde2bd'],100114944086585435187417682200020755800212181317911131582081797925645276924175
2026-01-15T14:36:32.846854+00:00,Under 227.5,New York Knicks @ Golden State Warriors,2.88,6.00,3.12,BUY,0.4800,6.0,FOK,1.0464,True,matched,0x55ccc6fb5dc2d7744e0645491af413a0fb5b97c889f306e13866f4003cd3a1d4,['0xfb932375f993c7532590d9d83adcd96b9562943bbd9ff3033209247e237db97e'],17532971041103767000086023326130303519681339860445749450110425502228314047382
2026-01-15T14:42:51.902092+00:00,Heat,Boston Celtics @ Miami Heat,2.20,5.00,2.80,BUY,0.4400,5.0,FOK,1.0430,True,matched,0xe6c120d063c3c13ae1a0656b7d8f69d52478d53bb5231f2b4c175e7d0cdbec0b,['0x618db38bd11431f130cedcf03f7242042ff16dd6112c1ae94d3d77085dd02810'],100114944086585435187417682200020755800212181317911131582081797925645276924175
2026-01-15T14:44:09.688606+00:00,Under 227.5,New York Knicks @ Golden State Warriors,3.76,8.00,4.24,BUY,0.4700,8.0,FOK,1.0687,True,matched,0x34f8268149b28e48e5f143e47b12d6a4a47955e64b40737d26a1cf4cae26fd5b,['0xeb74bde1a5ecf675aa9f8dfffe8caf76ad1af717fa1149164a48497263c032cf'],17532971041103767000086023326130303519681339860445749450110425502228314047382
2026-01-15T14:44:26.944246+00:00,Rockets,Oklahoma City Thunder @ Houston Rockets,2.16,6.00,3.84,BUY,0.3600,6.0,FOK,1.0658,True,matched,0x510810ef884c0df06c7f53e1a894fda8a1ccf79e1dfc31aa3ae85e0f6f3d5a7a,['0x024583223f6701752d20f3f69fb07c6362e993b0b6cf4369519607ce4174b831'],80266308100167944933744901575980640858905028288464715911437832466566886066844
2026-01-15T14:44:54.982412+00:00,UT Arlington Mavericks,Utah Jazz @ Dallas Mavericks,2.88,6.00,3.12,BUY,0.4800,6.0,FOK,1.0610,True,matched,0xa13d565f6bb1b83c52ad0177425732c51a148b3917bc10a8662f7b43b2e07e1c,['0x2e466492f14f130b4142954b1f4afcbf987c328007166c8d8a45f43d0e4d4968'],53510939622738058976902782325186534803234575171655605451260904878998334841163
2026-01-15T14:47:59.622125+00:00,Idaho Vandals,Idaho @ Idaho State,1.26,3.00,1.74,BUY,0.4200,3.0,FOK,1.0410,True,matched,0x36446f4f998f0d16ac09f7e112819374a95b98365e4d9caed3172f009c3e1c71,['0xdac9f5a3b3c8980fb6d3057a84dcfcc07cc91f8ba911307ca6fa1886b484da50'],71904051505595659492667710668440468395299334850567499488042312124064407112808
2026-01-15T14:48:19.858515+00:00,Rockets,Oklahoma City Thunder @ Houston Rockets,1.80,5.00,3.20,BUY,0.3600,5.0,FOK,1.0658,True,matched,0x4742a3e0e8f8d81b1a39d44fe8be802743fa75cbf79de754d4b3aa6e6a56f830,['0x7a4993f2fb8188cdf22a0bb060dad895ca97a4880010abed2dd3f793884e93a8'],80266308100167944933744901575980640858905028288464715911437832466566886066844
2026-01-15T14:51:22.144841+00:00,San Diego Toreros,San Diego @ Seattle U,1.44,8.00,6.56,BUY,0.1800,8.0,FOK,1.1238,True,matched,0xa961ded49d78530efe6070093a38a20ae38730a1cdfbccf4d86f633a1a670eff,['0x8ad7216a75e4a043e45ffe6693b235fe42e7effbb3c3a8b5d459145a7b3cf80f'],18561769468402557021651604433722395076878013303795882364024973948384784851234
2026-01-15T15:07:12.994307+00:00,UT Arlington Mavericks,Utah Jazz @ Dallas Mavericks,3.36,7.00,3.64,BUY,0.4800,7.0,FOK,1.0777,True,matched,0xffc170cd81422681f4a7632e98811c7385d3a2f6f752d0685e795df45180fdd4,['0xaff0b06adb8db7460357f1a6c5ff0f649f928c95203875f9d0b05e71feeb8030'],53510939622738058976902782325186534803234575171655605451260904878998334841163
2026-01-15T15:08:15.964945+00:00,California Baptist Lancers,California Baptist @ Abilene Christian,1.84,4.00,2.16,BUY,0.4600,4.0,FOK,1.0530,True,matched,0xf056084e74555770b3daf1ce591d909d7e6111fc3766c821c1e0a270b05f3966,['0x249c1ba716656dead3ab3f57560894ec025dec0e85cae2637d6794a0a8ae084b'],7667791288245345434536974862919742185533842032638480323787150139634848937675
2026-01-15T15:19:25.742738+00:00,Bellarmine Knights,Bellarmine @ Lipscomb,1.33,7.00,5.67,BUY,0.1900,7.0,FOK,1.1289,True,matched,0x41be67a010b0ebb7be9b6c9200f83830a82d3692e196f107e0287d9a58133fa6,['0x8af5e8bf6ac72b9435373b711f6d420b90df6c8fcdb4e372ad104609a391cf0a'],31753646994966737691494527610773020413705342888105323856635224910935910644986
2026-01-15T15:26:22.981300+00:00,UT Arlington Mavericks,Utah Jazz @ Dallas Mavericks,3.36,7.00,3.64,BUY,0.4800,7.0,FOK,1.0871,True,matched,0xafb81b57788e275029a63ddffba7bb99422e2624c8e753506fb7abab8b28301e,['0xd96b153445d2bd10b2ada4b8967ecaac0e29d1373bbc63f355a51d5132cf6da6'],53510939622738058976902782325186534803234575171655605451260904878998334841163
2026-01-15T15:31:07.756877+00:00,Binghamton Bearcats,Binghamton @ Albany NY,1.12,4.00,2.88,BUY,0.2800,4.0,FOK,1.0719,True,matched,0xd46829248da08e15eb87244ba6b1eb491440f52326b33b854b786f6e9ac547d9,['0x188cf90e5316500788250c69ffaae1ca36cf8b68cc891e9e7244216c7b969267'],4538997106600861998518781783681998976033087960113314844097729779736512126977
2026-01-15T15:37:17.098991+00:00,NC) Royals vs. Florida Gulf Coast Eagles (Florida Gulf Coast Eagles,Queens @ Florida Gulf Coast,2.04,4.00,1.96,BUY,0.5100,4.0,FOK,1.0515,True,matched,0x5747a41ec0d6aa7bee5e23389f17c08acd6ea940c41180059dff3c0ea62d2b99,['0x8348505b65201c385322a9aeb8f02f04e512bc26967b59c8efa8e92cb2fbe4f5'],65174698015298995594711590933101535844672864688206557758075400883085174821523
2026-01-15T15:38:15.159796+00:00,UT Arlington Mavericks,Utah Jazz @ Dallas Mavericks,3.36,7.00,3.64,BUY,0.4800,7.0,FOK,1.1008,True,matched,0xb7d7462fba71ec3283c996de2d818e4bc78bb8548bbcf388e2b2e1d07ac67f11,['0x2c5602b0035e87e81737bfb8961d6d5933012b803831f95ed2ca1d3b5dd14af2'],53510939622738058976902782325186534803234575171655605451260904878998334841163
2026-01-15T16:01:55.893525+00:00,UT Arlington Mavericks,Utah Jazz @ Dallas Mavericks,4.80,10.00,5.20,BUY,0.4800,10.0,FOK,1.1598,True,matched,0x3e0b16100c6ab419b314a57cba4b625399ba863d8ff97ea58d6e3985da9ba997,['0x4bf9a7cdada6ff7dd9bfb5a75cbc470c58e18b6b8e0a39d5bcf5b616700550ce'],53510939622738058976902782325186534803234575171655605451260904878998334841163
2026-01-15T16:07:04.432620+00:00,Binghamton Bearcats,Binghamton @ Albany NY,2.00,8.00,6.00,BUY,0.2500,8.0,FOK,1.2005,True,matched,0x3d2f598e63b31baa31fe93554217709b572e2e7747cbe95f363368a18b5083af,['0xa3648e2d3749b82ab2896ccfc2bc2f79309b0788eb92d57ab9891d45270aa045'],4538997106600861998518781783681998976033087960113314844097729779736512126977
2026-01-15T16:14:29.910326+00:00,UT Arlington Mavericks,Utah Jazz @ Dallas Mavericks,4.32,9.00,4.68,BUY,0.4800,9.0,FOK,1.1638,True,matched,0x977b56d2a60941a9716d3be31962cf1a9d60302bee7b8bab0d663d2604e8ed2e,['0x94c562b3a533e3b725b7859b1dd9b6b9c6d6b48c640688c4119fb10054c5c070'],53510939622738058976902782325186534803234575171655605451260904878998334841163
2026-01-15T16:20:07.691528+00:00,Binghamton Bearcats,Binghamton @ Albany NY,1.92,8.00,6.08,BUY,0.2400,8.0,FOK,1.2505,True,matched,0xb0deff89c96e6f0b8a3fb3a4320f824f22897abb2e6423ad4eb38218462a1d65,['0xca81641f77eb4bbd367f4593af6568d2ae9ace3fe30a8cf0aa71690f7225e72c'],4538997106600861998518781783681998976033087960113314844097729779736512126977
2026-01-15T16:21:57.397856+00:00,Pistons,Phoenix Suns @ Detroit Pistons,1.30,2.00,0.70,BUY,0.6500,2.0,FOK,1.0330,True,matched,0xc5a2f7dd1457afe563ffc2231642b8c5bd8dbde5e95d3f25ef2db054bbdf9057,['0xb7019fd4c2626e0455cdb4c4282ac7347a3d62e18f56e7049ae014df73ebb469'],97889117481756071719021359002175524610626456738514559237224517694490931489635
2026-01-15T16:32:02.392020+00:00,Pistons,Phoenix Suns @ Detroit Pistons,1.30,2.00,0.70,BUY,0.6500,2.0,FOK,1.0330,True,matched,0x6e5880721d18cbb8f62e85081d5c57829cec5bf5499174fe66d32757ed9a6a33,['0x9f485cafb6d16da21580985f8ba3d5b5b59e77740eaf5f37d4199f448ec3c740'],97889117481756071719021359002175524610626456738514559237224517694490931489635
2026-01-15T16:54:33.664787+00:00,UT Arlington Mavericks,Utah Jazz @ Dallas Mavericks,2.88,6.00,3.12,BUY,0.4800,6.0,FOK,1.1661,True,matched,0xbafb35f6e36743b6b3e0bae186215730fa972664982c3b619f317bea25aafd20,['0xa8db567cd355c4704994e768ea8d1d536cc634c6c93244d904c158a24d555a29'],53510939622738058976902782325186534803234575171655605451260904878998334841163
2026-01-15T18:04:56.251952+00:00,Suns,Phoenix Suns @ Detroit Pistons,1.45,5.00,3.55,BUY,0.2900,5.0,FOK,1.2453,True,matched,0xc138a450baad117882a2c7b883a754dfb7988c1381dfa946da6a3b51390d24cb,['0x0fcef0ad717ac78cf3c9e1918b617fedfeb0ae38ca443a280133d87354c0742a'],65857958869910546114183119357707342163209296208878534808083359061397202503113
2026-01-15T18:07:35.593268+00:00,Suns,Phoenix Suns @ Detroit Pistons,1.45,5.00,3.55,BUY,0.2900,5.0,FOK,1.2309,True,matched,0xfeedeeef5d95f2c853c2ce8c8ae4f6408718c9af7638220728e5846d09645619,['0x10874b1b8aefb9a2b8505a3dac94d0c00f2d04c449e7166d6637ce5c6023411f'],65857958869910546114183119357707342163209296208878534808083359061397202503113
2026-01-15T19:36:36.875113+00:00,UT Arlington Mavericks,Utah Jazz @ Dallas Mavericks,2.45,5.00,2.55,BUY,0.4900,5.0,FOK,1.2112,True,matched,0xfbabfdc59a4694e407b6f444aa3efab40073f2953a15650108aa4b0994684014,['0x053db04b7e33954f35fa9d5e6eb984be5ddf5ec4af3d158bc165f6e347642d56'],53510939622738058976902782325186534803234575171655605451260904878998334841163
2026-01-16T18:08:01.376108+00:00,Over 233.5,Washington Wizards @ Sacramento Kings,2.04,4.00,1.96,BUY,0.5100,4.0,FOK,1.0163,True,matched,0x02c9aef6c9597251460ee5e4bdaafd4672816edabb3497a666ebdc2a6d49748b,['0x0b57b4bedbaf45b71ec307a59834f8c23a9349861659596fa047f7e84c2e6f45'],21674298050183604848704908646015980258638624587851441041884023532391776677893
2026-01-16T18:08:23.952714+00:00,Baylor Bears,Baylor @ Kansas,1.25,5.00,3.75,BUY,0.2500,5.0,FOK,1.0324,True,matched,0x67b968101391244d82e97a744b1cf9ae4a69cd1e846c884430c9e9f4659757c3,['0x1c71382524320d98104d093da6294feb49bb17a6e74c7d0e1b2086f7cbc1a242'],64180915191275364470804607802950328324822865781374443476228090868043388394443
2026-01-16T18:10:18.862791+00:00,Ball State Cardinals,Ohio @ Ball State,2.38,7.00,4.62,BUY,0.3400,7.0,FOK,1.0375,True,matched,0xf635e4ee9dedbde8f30bce50026c741d78c4076890c70950ef76eb4773afb7c2,['0xb402247b62fb2ea6c70907a3e60461b6bc897b9c40f46d771385fa7416ce9f0f'],109140831241797524995020513868536203878576964963361981635628803792207006931146
2026-01-16T18:10:40.271859+00:00,Toledo Rockets,Toledo @ Kent State,2.72,8.00,5.28,BUY,0.3400,8.0,FOK,1.0446,True,matched,0x7524098b4f70f4473651cc958cf79d9406a106936cd649261a20b40e7968783b,['0x01d0a781ee126cb59bef108e42107e50b2d9403ef1428e41fcec3f9f13d05a62'],45320937806673707379877868923168051703353764765395795902864682072280687537990
2026-01-16T18:12:18.493049+00:00,76ers,Cleveland Cavaliers @ Philadelphia 76ers,1.68,3.00,1.32,BUY,0.5600,3.0,FOK,1.0109,True,matched,0xb6a1b81367742f7e4bd629f4a3e3602ae1e0bc94fa9d07fc663f4d6c55e2d4bc,['0x0a0a19d553a7149b65fb59d5bfaedef488ee81c2fd00771b44894f22cd45bda6'],58391934573346949566297308394812720045208915845540831108806053051742811313649
2026-01-16T18:12:39.823360+00:00,Clippers,Los Angeles Clippers @ Toronto Raptors,17.02,37.00,19.98,BUY,0.4600,37.0,FOK,1.1627,True,matched,0x3c0fcf33973b0e20238d76690bc381ab7883fc1f48cd9133d2a82c43c652e131,['0x79fe8a27c4e0c3abfe0abcd4338ab151b135ca6850355e57e1e7d1ef44ad40eb'],20403398307334234131402204643675486921930048779742580789086247611446319828926
2026-01-16T18:37:35.898880+00:00,Loyola Chicago Ramblers,Loyola Chicago @ Dayton,2.82,47.00,44.18,BUY,0.0600,47.0,FOK,1.4166,True,matched,0x37b259d0010cfa6061e4b95c8bd0652d6ce1f796ff5d0eb3d15507f1a48c6672,['0x6af110c8590d0bc208c85958505c5a04e74621cafa8fcb20cee035603b2bff7b'],60369568837103165730938387967653841319580880700545612784557657853817261671812
2026-01-16T18:41:57.987082+00:00,Providence Friars,Creighton @ Providence,1.44,3.00,1.56,BUY,0.4800,3.0,FOK,1.0185,True,matched,0x88a7527a05e6708ca803a4c8a402509e92168567e4b34cec4be18fc84872cc82,['0x69bfb1d450fddd9b4fbc45102f520669bad8321292b125dfe2fbb3f30bf3bdb5'],62178354296422724746544073445034450230659472325351767840766840284403028997259
2026-01-16T18:58:37.987669+00:00,Wizards,Washington Wizards @ Sacramento Kings,1.20,4.00,2.80,BUY,0.3000,4.0,FOK,1.0289,True,matched,0xe8171e9012bd1a4c594ea44f2d1f8f551364f4c494d28ddf26a74be309b4ebad,['0x8b216c1141775f2f41eb7e4ac2eafba5bb7871494e6e8f390223ec7f2d85b58d'],19191584461754634117575190787207756957661493058034015192815277009556020429984
2026-01-16T20:00:26.663392+00:00,DePaul Blue Demons,Marquette @ DePaul,4.20,7.00,2.80,BUY,0.6000,7.0,FOK,1.0274,True,matched,0x075904e841ffa05c99cd9174e3437121dd42a22ce7e11593c9876ec9b96e703f,['0xa3d6bc8d205ee5c950a5363d2e12c9633048ab4f270fe15d6fc3f667da4dfc9b'],58536218086375339887244243634945326961611593139463121365045230587803972849400
2026-01-16T20:04:05.851715+00:00,Kansas Jayhawks (-7.5),Baylor @ Kansas,3.92,8.00,4.08,BUY,0.4900,8.0,FOK,1.0431,True,matched,0xf2dbbce9f8c0df6440106e91eedcfd07674e4718f85d658460db17b26b02ea0c,['0xa4fc31581eb7ae4d3c2951b8c62188eef890521c281caa39cc86e77a6a1f24d5'],83320623358297527623028237332784672015120005245642996669204082517182622871567
2026-01-16T21:42:43.235906+00:00,Ducks,Anaheim Ducks @ Los Angeles Kings,1.26,3.00,1.74,BUY,0.4200,3.0,FOK,1.0227,True,matched,0xa61e49fd4daa104e802c633929d213322a12e5dbec13e44c6ec6a7503fa4e29f,['0x453a65bd27ec3ded5859bb9fe1fe883934d671014ff7eafc9d6578f4aa1664ef'],23881763632045537184642987385158025563087719601837077862128823804146855790698
2026-01-16T21:50:20.933747+00:00,Hurricanes (-1.5),Florida Panthers @ Carolina Hurricanes,1.17,3.00,1.83,BUY,0.3900,3.0,FOK,1.0246,True,matched,0x91e64cba39dcf02436d776e4033aa9405c5f4557456ebb062cd3442d9bfff01c,['0xec860bf46288820f34f9d8e901db7a3d3a33da82bf5bf8f7595687c455720afb'],50543492087762976690987743155088936173330561131824408606281415265829781071950
2026-01-16T21:58:45.543780+00:00,Kings (-7.5),Washington Wizards @ Sacramento Kings,3.84,8.00,4.16,BUY,0.4800,8.0,FOK,1.0465,True,matched,0x3f90f32b8350d2c380a3584ea20da52b1c38cdf74b01345e170d9bc801343944,['0xa43504474d3f58fa7283e9345911c20824ae7f4a3707526100a0a9e73ca72d7c'],10735186490510260412557366918740168952165885405769044763073365206992696300461
2026-01-16T22:34:21.718569+00:00,Red Wings (-1.5),San Jose Sharks @ Detroit Red Wings,1.23,3.00,1.77,BUY,0.4100,3.0,FOK,1.0213,True,matched,0xdc37d14a9aec39341ecf0fe15f970bba7ca41d3ae2d233a8ccb6fac9b7b8929d,['0xe1c59261f9f185de874b504d0bc3e9a0d03e9b984b9b770432e6af32abb6a93c'],53792011581031470433857683968708836469607537699565517280001712197652890236310
2026-01-16T23:32:41.550110+00:00,Red Wings,San Jose Sharks @ Detroit Red Wings,2.40,4.00,1.60,BUY,0.6000,4.0,FOK,1.0223,True,matched,0xb434cf0d1bf749eb8e9785b9f713050cac0670f9bdabd5ea9f143915c4aa9ef4,['0x15a2025834a3f2d7d062db9c9fa7f5378a0fec5ee595ffd57d95abf241516b27'],17941260042705612398601572213563408058854774199620379449636895091088278664426
2026-01-17T00:47:10.587268+00:00,Predators (+1.5),Nashville Predators @ Colorado Avalanche,1.41,3.00,1.59,BUY,0.4700,3.0,FOK,1.0227,True,matched,0x0b32401c22745d7343ae6b9c353f186f6294ae33d197596df68a85a42a1d3f4a,['0x23871db89cc518b47baf3056cbbd99c8e98040d9eaa9abdeaf063f2bfeebb452'],13495801173416566069704746986899730527061857257082950263489392023322326074708
2026-01-17T03:36:20.508066+00:00,Hornets (+6.5),,1.96,4.00,2.04,BUY,0.4900,4.0,FOK,1.0251,True,matched,0xe0e494b951f74b41afcfdf66eabada71d2468c5d5e7ddf64f9b0e99650a6cd87,['0xdace904b3bd4b213a63e23ea7e617366357871fd53f12d575591934841380e0a'],19630901698652437144430995080198437268391489234208948117600557148215535557902
2026-01-17T03:36:48.775242+00:00,Pistons,Indiana Pacers @ Detroit Pistons,4.20,5.00,0.80,BUY,0.8400,5.0,FOK,1.0114,True,matched,0xbef567d738580229812a1e67c927cc1dc0034b33f4744bbd90a05c7b71dffd3d,['0xfe7ef5eaf092babe88ef4161401fb83617f8b399848507b9b25a807c028e4a92'],114319575128507204720063680817889948885856132334750466547544484091505403307696
2026-01-17T03:37:33.639883+00:00,Heat (+8.5),,1.47,3.00,1.53,BUY,0.4900,3.0,FOK,1.0251,True,matched,0xde1d1e10d101c59582d728c535aaed00e7bcf42f178db6c8ffc85e18442c96c3,['0xe32366afffc44922639470708da3c16ad87e587e4c7a029fe6485c1ebab64981'],86447990387949885811250522888805789737838826020317234262239274294461647021443
2026-01-17T03:38:41.791828+00:00,Pistons,Indiana Pacers @ Detroit Pistons,4.20,5.00,0.80,BUY,0.8400,5.0,FOK,1.0114,True,matched,0x8456da9733f50ca5a23b04e43ee8fc599fee6dff9f9453a3956c6e289724cfbd,['0xfae26d8182649d6ca724b90996d606309f38575ba7f74e6974214c6237441bc5'],114319575128507204720063680817889948885856132334750466547544484091505403307696
2026-01-17T03:39:16.918746+00:00,Pistons,Indiana Pacers @ Detroit Pistons,4.20,5.00,0.80,BUY,0.8400,5.0,FOK,1.0114,True,matched,0x49bb28374cc02c53f378b253f24b7ec10e433c9d9b746976fe808ef4aba8c41d,['0x78116f1ddc86984ee349e316681a348f57eacef93b6f97dbe45fde355f9785c8'],114319575128507204720063680817889948885856132334750466547544484091505403307696
2026-01-17T03:39:17.692474+00:00,Heat (+8.5),,1.47,3.00,1.53,BUY,0.4900,3.0,FOK,1.0251,True,matched,0x2b70a172ab72a1bbb34a406f668cf7ff282f9f999e0afe17b94680806afed54a,['0x33a910fa5266ffd83b051987f2805970c18f0cc248520654f6813f68aad2cf8f'],86447990387949885811250522888805789737838826020317234262239274294461647021443
2026-01-17T03:39:25.106018+00:00,Lakers,Los Angeles Lakers @ Portland Trail Blazers,1.68,4.00,2.32,BUY,0.4200,4.0,FOK,1.0410,True,matched,0x97ff893f3711f93737d91d3b9a38fbaf9ad151a958617d90f6de1b8b3642f267,['0x25a405172e22f95f050621398ba501eb81634be1643ecd7e49a7cdd5e6bbd8a0'],46218288751838454981962642992083797642913006246662741782972265572903007005397
2026-01-17T03:39:41.793137+00:00,Eastern Michigan Eagles (+10.5),,4.23,9.00,4.77,BUY,0.4700,9.0,FOK,1.0777,True,matched,0xdf76c31eb7eedd000ac0943c3e594f3d000498c3c78ef9256375f9a0742af786,['0x6f8b7b6fe0e922d80126b1aa7df2a9f1d3fbbb6a99b376071f35fc0a1b0d3171'],84776644357730427366053019075371443162180080443108275687383495854317389837756
2026-01-17T03:40:46.178026+00:00,UT Arlington Mavericks,Utah Jazz @ Dallas Mavericks,32.76,182.00,149.24,BUY,0.1800,182.0,FOK,3.5156,True,matched,0xa4b105a125323b8f519e54bf76dc839828a62d48404ae3fd26104c8d2067c375,['0xa4a001815e5d0495a60be29ed94dee3a43ef93a32fc0649949fc44cca74e8b58'],87249282082849798642494651748348483828938042272998780971945367123968945441928
2026-01-17T03:40:51.656091+00:00,Eastern Michigan Eagles (+10.5),,1.41,3.00,1.59,BUY,0.4700,3.0,FOK,1.0777,True,matched,0xe95e65ad12cf598e6222333d06503667df9559abfe4fbbd53aff483722653c29,['0xbff3d16c2b659f1ccb7b4796a1c4029d4a82d2e2f631afb4c50a1a3e66d9add6'],84776644357730427366053019075371443162180080443108275687383495854317389837756
2026-01-17T03:43:52.518489+00:00,Eastern Michigan Eagles (+10.5),,1.41,3.00,1.59,BUY,0.4700,3.0,FOK,1.0777,True,matched,0xd93bfea347d9f4cd79944e112baa54131f9ee6fd32c54a292549fbae35b7dca6,['0xabf0d54929944979d4d3b1b6c5b0de55befc4370d8572ce7ccf9696d20bf89c3'],84776644357730427366053019075371443162180080443108275687383495854317389837756
2026-01-17T07:13:02.829012+00:00,Under,Indiana Pacers @ Detroit Pistons,2.45,5.00,2.55,BUY,0.4900,5.0,FOK,1.0204,True,matched,0xa8e4b110006c357444da96d84dd87a8b746571409c32c0235af0b7d62e27fe05,['0x5f6f74bcda06dc302cad65d7a3c542ddf655fe6dfc45a60e6ecfe25ffd822ba7'],64385267034795940268608584075171488554811604269798774195612007595913531872617
